{
  "logosList": [
    {
      "id": 1,
      "title": "Jaguar",
      "img": "https://webstockreview.net/images/jaguar-clipart-logo-ferrari-16.png"
    },
    {
      "id": 2,
      "title": "Audi",
      "img": "https://webstockreview.net/images/jaguar-clipart-logo-ferrari-15.png"
    },
    {
      "id": 3,
      "title": "BMW",
      "img": "https://cdn.worldvectorlogo.com/logos/bmw-13672.svg"
    },
    {
      "id": 4,
      "title": "Lamborghini",
      "img": "https://webstockreview.net/images/cobra-clipart-logo-ford-vector-18.png"
    },
    {
      "id": 5,
      "title": "Chevorlet",
      "img": "https://brandslogo.net/wp-content/uploads/2014/11/chevrolet-logo.png"
    },
    {
      "id": 6,
      "title": "Ford",
      "img": "https://brandslogo.net/wp-content/uploads/2014/07/ford-logo.png"
    },
    {
      "id": 7,
      "title": "Land Rover",
      "img": "https://seeklogo.com/images/L/land-rover-logo-35ED7AB542-seeklogo.com.png"
    },
    {
      "id": 8,
      "title": "Mahindra",
      "img": "https://logoeps.com/wp-content/uploads/2012/06/mahindra-logo-vector-01.png"
    },
    {
      "id": 9,
      "title": "Mazda",
      "img": "https://upload.wikimedia.org/wikipedia/commons/thumb/7/70/Mazda_Motor_logo.svg/1089px-Mazda_Motor_logo.svg.png"
    },
    {
      "id": 10,
      "title": "Nissan",
      "img": "https://seeklogo.com/images/N/Nissan-logo-4B3C580C8A-seeklogo.com.png"
    },
    {
      "id": 11,
      "title": "Skoda",
      "img": "https://img.favpng.com/11/21/21/koda-auto-car-logo-volkswagen-group-png-favpng-WvujPVHXu7hifNR2Q2KYyQevN.jpg"
    },
    {
      "id": 12,
      "title": "Toyota",
      "img": "https://image.cnbcfm.com/api/v1/image/102623245-toyota_.jpg?v=1430153439"
    }
  ],
  "carModelsList": [
    {
      "id": 1,
      "title": "Jaguar",
      "img": "https://webstockreview.net/images/jaguar-clipart-logo-ferrari-16.png",
      "category": "jaguar"
    },
    {
      "id": 2,
      "title": "Audi",
      "img": "https://webstockreview.net/images/jaguar-clipart-logo-ferrari-15.png",
      "category": "audi"
    },
    {
      "id": 3,
      "title": "BMW",
      "img": "https://cdn.worldvectorlogo.com/logos/bmw-13672.svg",
      "category": "bmw"
    },
    {
      "id": 4,
      "title": "Lamborghini",
      "img": "https://webstockreview.net/images/cobra-clipart-logo-ford-vector-18.png",
      "category": "lamorghini"
    },
    {
      "id": 5,
      "title": "Chevorlet",
      "img": "https://brandslogo.net/wp-content/uploads/2014/11/chevrolet-logo.png",
      "category": "chevrolet"
    },
    {
      "id": 6,
      "title": "Ford",
      "img": "https://brandslogo.net/wp-content/uploads/2014/07/ford-logo.png",
      "category": "lamorghini"
    },
    {
      "id": 7,
      "title": "Land Rover",
      "img": "https://seeklogo.com/images/L/land-rover-logo-35ED7AB542-seeklogo.com.png",
      "category": "landrover"
    },
    {
      "id": 8,
      "title": "Mahindra",
      "img": "https://logoeps.com/wp-content/uploads/2012/06/mahindra-logo-vector-01.png",
      "category": "mahindra"
    },
    {
      "id": 9,
      "title": "Mazda",
      "img": "https://upload.wikimedia.org/wikipedia/commons/thumb/7/70/Mazda_Motor_logo.svg/1089px-Mazda_Motor_logo.svg.png",
      "category": "mazda"
    },
    {
      "id": 10,
      "title": "Nissan",
      "img": "https://seeklogo.com/images/N/Nissan-logo-4B3C580C8A-seeklogo.com.png",
      "category": "nissan"
    },
    {
      "id": 11,
      "title": "Skoda",
      "img": "https://img.favpng.com/11/21/21/koda-auto-car-logo-volkswagen-group-png-favpng-WvujPVHXu7hifNR2Q2KYyQevN.jpg",
      "category": "skoda"
    },
    {
      "id": 12,
      "title": "Toyota",
      "img": "https://image.cnbcfm.com/api/v1/image/102623245-toyota_.jpg?v=1430153439",
      "category": "toyota"
    }
  ]
}