{
  "logosList": [
    {
      "id": 1,
      "title": "Jaguar",
      "img": "https://webstockreview.net/images/jaguar-clipart-logo-ferrari-16.png",
      "manufacturer": "jaguar"
    },
    {
      "id": 2,
      "title": "Audi",
      "img": "https://webstockreview.net/images/jaguar-clipart-logo-ferrari-15.png",
      "manufacturer": "audi"
    },
    {
      "id": 3,
      "title": "BMW",
      "img": "https://cdn.worldvectorlogo.com/logos/bmw-13672.svg",
      "manufacturer": "bmw"
    },
    {
      "id": 4,
      "title": "Lamborghini",
      "img": "https://webstockreview.net/images/cobra-clipart-logo-ford-vector-18.png",
      "manufacturer": "lamborghini"
    },
    {
      "id": 5,
      "title": "Chevorlet",
      "img": "https://brandslogo.net/wp-content/uploads/2014/11/chevrolet-logo.png",
      "manufacturer": "chevorlet"
    },
    {
      "id": 6,
      "title": "Ford",
      "img": "https://brandslogo.net/wp-content/uploads/2014/07/ford-logo.png",
      "manufacturer": "ford"
    },
    {
      "id": 7,
      "title": "Land Rover",
      "img": "https://seeklogo.com/images/L/land-rover-logo-35ED7AB542-seeklogo.com.png",
      "manufacturer": "landrover"
    },
    {
      "id": 8,
      "title": "Mahindra",
      "img": "https://logoeps.com/wp-content/uploads/2012/06/mahindra-logo-vector-01.png",
      "manufacturer": "mahindra"
    },
    {
      "id": 9,
      "title": "Mazda",
      "img": "https://upload.wikimedia.org/wikipedia/commons/thumb/7/70/Mazda_Motor_logo.svg/1089px-Mazda_Motor_logo.svg.png",
      "manufacturer": "mazda"
    },
    {
      "id": 10,
      "title": "Nissan",
      "img": "https://seeklogo.com/images/N/Nissan-logo-4B3C580C8A-seeklogo.com.png",
      "manufacturer": "nissan"
    },
    {
      "id": 11,
      "title": "Skoda",
      "img": "https://img.favpng.com/11/21/21/koda-auto-car-logo-volkswagen-group-png-favpng-WvujPVHXu7hifNR2Q2KYyQevN.jpg",
      "manufacturer": "skoda"
    },
    {
      "id": 12,
      "title": "Toyota",
      "img": "https://image.cnbcfm.com/api/v1/image/102623245-toyota_.jpg?v=1430153439",
      "manufacturer": "lamborghini"
    }
  ],
  "carModelsList": [
    {
      "id": 1,
      "title": "Jaguar I-PACE.",
      "img": "https://thumbs.gfycat.com/FlawlessWelcomeBaldeagle-max-1mb.gif",
      "manufacturer": "jaguar"
    },
    {
      "id": 2,
      "title": "Jaguar F-PACE.",
      "img": "https://cnet2.cbsistatic.com/img/IMzcHVqHesB8h8qlc-ru0B-arO4=/1240x775/2019/04/22/f07ce8d7-6817-4e72-a300-53353b1f6a95/2019-jaguar-f-pace-svr-1.jpg",
      "manufacturer": "jaguar"
    },
    {
      "id": 3,
      "title": "Nissan GTR R35",
      "img": "https://media.giphy.com/media/1xOcmOoseszAOl8BXi/giphy.gif",
      "manufacturer": "nissan"
    },
    {
      "id": 4,
      "title": "Lamorghini",
      "img": "https://media.giphy.com/media/1xOcmOoseszAOl8BXi/giphy.gif",
      "manufacturer": "lamorghini"
    },
    {
      "id": 5,
      "title": "Chevorlet Imphala",
      "img": "https://www.chevrolet.com/content/dam/chevrolet/na/us/english/index/vehicles/2020/cars/impala/colorizer/01-images/2020-impala-2lz-g1w-colorizer.jpg?imwidth=960",
      "manufacturer": "chevrolet"
    },
    {
      "id": 6,
      "title": "Ford Fiesta",
      "img": "https://encrypted-tbn0.gstatic.com/images?q=tbn%3AANd9GcQSfZh2qEEAQPfEjI4YpCx5aNsCEa34yRWBetqm3MQwSazP1E7U&usqp=CAU",
      "manufacturer": "ford"
    },
    {
      "id": 7,
      "title": "Land Rover Discover",
      "img": "https://topgear.com.my/sites/default/files/article-image/JLR%20Discovery%20Sport%20Exterior%20%282%29.jpg",
      "manufacturer": "landrover"
    },
    {
      "id": 8,
      "title": "Mahindra XUV",
      "img": "https://stimg.cardekho.com/images/carexteriorimages/360x240/Mahindra/Mahindra-XUV500/047.jpg",
      "manufacturer": "mahindra"
    },
    {
      "id": 9,
      "title": "Mazda 3 2.0 SP sedan (2019)",
      "img": "https://static.bangkokpost.com/media/content/20191010/3362004.jpg",
      "manufacturer": "mazda"
    },
    {
      "id": 10,
      "title": "Nissan",
      "img": "https://24.media.tumblr.com/86de1bd61f627404c700ea65bc426ec1/tumblr_mt4lndrRuY1sgj2pio1_500.gif",
      "manufacturer": "nissan"
    },
    {
      "id": 11,
      "title": "Skoda MEB electric car",
      "img": "https://encrypted-tbn0.gstatic.com/images?q=tbn%3AANd9GcQbiS3cVhO51m9ZQJePTrhRsFmZXYmaw-bXViJJm0uFDEGMGPcI&usqp=CAU",
      "manufacturer": "skoda"
    },
    {
      "id": 12,
      "title": "Toyota Yaris",
      "img": "https://global.toyota/pages/global_toyota/home/kv_01_sp_4.gif",
      "manufacturer": "toyota"
    }
  ],
  "jaguar": [
    {
      "id": 1,
      "title": "Jaguar I-PACE.",
      "img": "https://thumbs.gfycat.com/FlawlessWelcomeBaldeagle-max-1mb.gif",
      "manufacturer": "jaguar"
    },
    {
      "id": 2,
      "title": "Jaguar F-PACE.",
      "img": "https://cnet2.cbsistatic.com/img/IMzcHVqHesB8h8qlc-ru0B-arO4=/1240x775/2019/04/22/f07ce8d7-6817-4e72-a300-53353b1f6a95/2019-jaguar-f-pace-svr-1.jpg",
      "manufacturer": "jaguar"
    }
  ]
}